a13_c1_Jan 6 2019_Human_2p_cut31.data,2
aus_c2_Aug 13 2018_Human_1p_cut45.data,1
aus_c3_Aug 13 2018_Human_1p_cut12.data,1
a13_c1_Dec 21 2018_Human_3p_cut16.data,3
a13_c1_Jan 6 2019_Human_2p_cut85.data,2
a13_c1_Jan 2 2019_Human_4p_cut24.data,4
a13_c1_Jan 6 2019_Human_2p_cut126.data,2
a13_c1_Jan 6 2019_Human_2p_cut114.data,2
a13_c1_Jan 6 2019_Human_2p_cut98.data,2
a13_c1_Jan 6 2019_Human_2p_cut82.data,2
aus_c2_Aug 13 2018_Human_1p_cut82.data,1
a13_c1_Jan 2 2019_Human_4p_cut170.data,4
a13_c1_Jan 2 2019_Human_4p_cut120.data,4
aus_c1_Aug 13 2018_Human_1p_cut6.data,1
a13_c1_Jan 2 2019_Human_4p_cut86.data,4
a13_c2_Dec 21 2018_Human_3p_cut8.data,3
a13_c2_Dec 21 2018_Human_3p_cut62.data,3
a13_c1_Jan 2 2019_Human_2p_cut128.data,2
a13_c2_Dec 21 2018_Human_3p_cut23.data,3
a13_c1_Jan 2 2019_Human_4p_cut108.data,4
a13_c1_Jan 6 2019_Human_2p_cut54.data,2
a13_c2_Dec 21 2018_Human_3p_cut16.data,3
a13_c1_Jan 6 2019_Human_2p_cut37.data,2
a13_c1_Dec 21 2018_Human_3p_cut15.data,3
aus_c2_Aug 13 2018_Human_1p_cut90.data,1
a13_c2_Dec 21 2018_Human_3p_cut59.data,3
a13_c1_Jan 6 2019_Human_2p_cut43.data,2
a17_c1_Sept 26 2018_Human_2p_cut57.data,2
a13_c1_Jan 6 2019_Human_2p_cut46.data,2
aus_c2_Aug 13 2018_Human_1p_cut70.data,1
aus_c2_Aug 13 2018_Human_1p_cut78.data,1
a13_c1_Jan 2 2019_Human_4p_cut84.data,4
a13_c1_Dec 9 2018_Human_2p_cut382.data,2
aus_c3_Aug 13 2018_Human_1p_cut7.data,1
a17_c1_Sept 26 2018_Human_2p_cut44.data,2
a13_c1_Jan 2 2019_Human_3p_cut147.data,3
aus_c2_Aug 13 2018_Human_1p_cut54.data,1
a13_c1_Jan 2 2019_Human_3p_cut185.data,3
aus_c2_Aug 13 2018_Human_1p_cut72.data,1
a13_c1_Jan 6 2019_Human_4p_cut92.data,4
a13_c1_Jan 2 2019_Human_4p_cut85.data,4
a13_c1_Jan 2 2019_Human_4p_cut49.data,4
a13_c1_Jan 2 2019_Human_4p_cut25.data,4
aus_c2_Aug 13 2018_Human_1p_cut95.data,1
a13_c1_Jan 6 2019_Human_2p_cut45.data,2
a13_c2_Dec 21 2018_Human_3p_cut51.data,3
a13_c1_Jan 2 2019_Human_4p_cut80.data,4
a13_c1_Jan 2 2019_Human_4p_cut60.data,4
a13_c1_Jan 2 2019_Human_4p_cut33.data,4
a13_c2_Dec 21 2018_Human_3p_cut29.data,3
a13_c1_Jan 6 2019_Human_2p_cut32.data,2
a13_c1_Jan 6 2019_Human_1p_cut50.data,1
a13_c1_Jan 2 2019_Human_4p_cut104.data,4
aus_c2_Aug 13 2018_Human_1p_cut65.data,1
a13_c1_Jan 6 2019_Human_2p_cut130.data,2
a13_c1_Jan 2 2019_Human_4p_cut95.data,4
a13_c1_Jan 2 2019_Human_4p_cut55.data,4
a17_c1_Sept 26 2018_Human_2p_cut10.data,2
a13_c2_Dec 21 2018_Human_2p_cut63.data,2
a13_c1_Jan 6 2019_Human_1p_cut12.data,1
aus_c2_Aug 13 2018_Human_1p_cut49.data,1
aus_c1_Aug 13 2018_Human_1p_cut8.data,1
a13_c2_Dec 21 2018_Human_3p_cut18.data,3
a13_c1_Jan 2 2019_Human_1p_cut135.data,1
a13_c1_Jan 2 2019_Human_4p_cut151.data,4
a13_c1_Jan 6 2019_Human_2p_cut75.data,2
a13_c1_Jan 6 2019_Human_2p_cut67.data,2
aus_c2_Aug 13 2018_Human_1p_cut73.data,1
a13_c1_Jan 6 2019_Human_2p_cut53.data,2
a13_c1_Jan 2 2019_Human_3p_cut196.data,3
a17_c1_Sept 26 2018_Human_1p_cut43.data,1
a13_c1_Jan 6 2019_Human_2p_cut112.data,2
a17_c1_Sept 26 2018_Human_1p_cut49.data,1
a13_c1_Jan 2 2019_Human_4p_cut16.data,4
a13_c1_Jan 2 2019_Human_4p_cut101.data,4
a13_c1_Jan 6 2019_Human_2p_cut42.data,2
a17_c1_Sept 26 2018_Human_1p_cut31.data,1
a17_c1_Sept 26 2018_Human_2p_cut13.data,2
a13_c1_Jan 2 2019_Human_4p_cut21.data,4
a13_c1_Jan 2 2019_Human_3p_cut158.data,3
a13_c1_Jan 2 2019_Human_2p_cut164.data,2
a13_c1_Jan 2 2019_Human_2p_cut74.data,2
a13_c1_Jan 2 2019_Human_3p_cut141.data,3
a17_c1_Sept 26 2018_Human_2p_cut11.data,2
a13_c1_Dec 9 2018_Human_1p_cut151.data,1
a13_c1_Jan 2 2019_Human_4p_cut57.data,4
a13_c1_Jan 2 2019_Human_4p_cut14.data,4
a13_c2_Dec 21 2018_Human_3p_cut2.data,3
a13_c1_Jan 6 2019_Human_2p_cut22.data,2
aus_c2_Aug 13 2018_Human_1p_cut57.data,1
a17_c1_Sept 26 2018_Human_1p_cut40.data,1
a13_c1_Jan 6 2019_Human_1p_cut20.data,1
a13_c1_Jan 2 2019_Human_4p_cut119.data,4
a17_c1_Sept 26 2018_Human_3p_cut2.data,3
a17_c1_Sept 26 2018_Human_2p_cut8.data,2
a13_c2_Dec 21 2018_Human_3p_cut37.data,3
a13_c1_Jan 2 2019_Human_4p_cut62.data,4
a13_c1_Jan 2 2019_Human_4p_cut73.data,4
aus_c2_Aug 13 2018_Human_1p_cut11.data,1
aus_c2_Aug 13 2018_Human_1p_cut48.data,1
a13_c1_Jan 6 2019_Human_2p_cut108.data,2
a13_c1_Jan 2 2019_Human_3p_cut191.data,3
aus_c2_Aug 13 2018_Human_3p_cut46.data,3
a17_c1_Sept 26 2018_Human_1p_cut30.data,1
a13_c1_Jan 6 2019_Human_2p_cut125.data,2
a13_c1_Jan 6 2019_Human_3p_cut77.data,3
a13_c1_Jan 2 2019_Human_4p_cut17.data,4
a13_c1_Jan 6 2019_Human_2p_cut121.data,2
a13_c1_Jan 2 2019_Human_5p_cut19.data,5
aus_c2_Aug 13 2018_Human_1p_cut56.data,1
a13_c1_Jan 6 2019_Human_2p_cut63.data,2
a13_c1_Jan 6 2019_Human_2p_cut47.data,2
a13_c1_Jan 2 2019_Human_4p_cut26.data,4
a13_c1_Jan 2 2019_Human_2p_cut143.data,2
a13_c1_Jan 6 2019_Human_2p_cut115.data,2
a13_c1_Jan 2 2019_Human_3p_cut156.data,3
a13_c1_Jan 6 2019_Human_2p_cut69.data,2
a13_c1_Jan 2 2019_Human_2p_cut67.data,2
a17_c1_Sept 26 2018_Human_3p_cut4.data,3
a13_c1_Jan 2 2019_Human_3p_cut176.data,3
a13_c1_Jan 2 2019_Human_3p_cut124.data,3
a13_c1_Dec 9 2018_Human_1p_cut111.data,1
a13_c2_Dec 21 2018_Human_3p_cut35.data,3
a13_c1_Jan 2 2019_Human_4p_cut32.data,4
a17_c1_Sept 26 2018_Human_3p_cut16.data,3
aus_c1_Aug 13 2018_Human_1p_cut4.data,1
a13_c1_Jan 2 2019_Human_4p_cut18.data,4
a13_c1_Jan 6 2019_Human_1p_cut99.data,1
a13_c1_Jan 2 2019_Human_3p_cut145.data,3
a13_c2_Dec 21 2018_Human_3p_cut39.data,3
a13_c2_Dec 21 2018_Human_3p_cut7.data,3
a13_c1_Jan 6 2019_Human_2p_cut41.data,2
a13_c1_Jan 2 2019_Human_3p_cut127.data,3
a13_c1_Jan 2 2019_Human_4p_cut59.data,4
aus_c2_Aug 13 2018_Human_1p_cut44.data,1
a13_c2_Dec 21 2018_Human_3p_cut55.data,3
a13_c2_Dec 21 2018_Human_3p_cut24.data,3
a13_c1_Jan 2 2019_Human_3p_cut180.data,3
a13_c1_Jan 2 2019_Human_4p_cut76.data,4
a13_c1_Jan 2 2019_Human_4p_cut78.data,4
a13_c1_Jan 2 2019_Human_4p_cut89.data,4
a13_c2_Dec 21 2018_Human_3p_cut15.data,3
a13_c1_Dec 9 2018_Human_1p_cut425.data,1
aus_c2_Aug 13 2018_Human_1p_cut3.data,1
a17_c1_Sept 26 2018_Human_1p_cut6.data,1
a13_c1_Jan 6 2019_Human_2p_cut48.data,2
a17_c1_Sept 26 2018_Human_2p_cut23.data,2
a13_c1_Jan 2 2019_Human_4p_cut43.data,4
a13_c1_Jan 2 2019_Human_2p_cut112.data,2
a13_c1_Jan 2 2019_Human_3p_cut140.data,3
a13_c1_Dec 9 2018_Human_1p_cut65.data,1
a13_c1_Jan 6 2019_Human_2p_cut13.data,2
a13_c1_Jan 2 2019_Human_1p_cut142.data,1
a17_c1_Sept 26 2018_Human_3p_cut1.data,3
a13_c1_Jan 6 2019_Human_2p_cut134.data,2
a13_c1_Jan 2 2019_Human_4p_cut51.data,4
a13_c1_Jan 6 2019_Human_2p_cut96.data,2
a13_c1_Jan 6 2019_Human_2p_cut57.data,2
aus_c3_Aug 13 2018_Human_1p_cut8.data,1
aus_c2_Aug 13 2018_Human_1p_cut66.data,1
a13_c1_Jan 2 2019_Human_4p_cut115.data,4
a13_c1_Jan 2 2019_Human_4p_cut35.data,4
a13_c1_Jan 6 2019_Human_2p_cut94.data,2
a13_c1_Jan 2 2019_Human_3p_cut179.data,3
a17_c1_Sept 26 2018_Human_2p_cut7.data,2
a13_c1_Jan 6 2019_Human_2p_cut78.data,2
a13_c1_Jan 2 2019_Human_4p_cut64.data,4
a13_c1_Jan 2 2019_Human_4p_cut46.data,4
a13_c2_Dec 21 2018_Human_3p_cut3.data,3
a13_c1_Jan 2 2019_Human_2p_cut197.data,2
a13_c1_Jan 6 2019_Human_2p_cut79.data,2
a13_c1_Jan 6 2019_Human_2p_cut26.data,2
a13_c1_Jan 2 2019_Human_4p_cut53.data,4
a13_c1_Jan 6 2019_Human_2p_cut29.data,2
a13_c1_Jan 6 2019_Human_3p_cut133.data,3
a13_c2_Dec 21 2018_Human_3p_cut4.data,3
a13_c1_Jan 6 2019_Human_2p_cut87.data,2
a13_c1_Jan 6 2019_Human_2p_cut89.data,2
a13_c1_Jan 2 2019_Human_4p_cut114.data,4
a13_c1_Jan 2 2019_Human_4p_cut47.data,4
aus_c2_Aug 13 2018_Human_1p_cut64.data,1
a13_c1_Jan 2 2019_Human_3p_cut183.data,3
aus_c2_Aug 13 2018_Human_1p_cut42.data,1
aus_c2_Aug 13 2018_Human_1p_cut30.data,1
a13_c2_Dec 21 2018_Human_3p_cut46.data,3
aus_c2_Aug 13 2018_Human_1p_cut12.data,1
a13_c1_Jan 6 2019_Human_2p_cut14.data,2
aus_c2_Aug 13 2018_Human_1p_cut55.data,1
a13_c1_Jan 2 2019_Human_3p_cut138.data,3
a13_c1_Jan 2 2019_Human_4p_cut23.data,4
a13_c1_Jan 2 2019_Human_3p_cut153.data,3
a13_c1_Jan 6 2019_Human_2p_cut21.data,2
aus_c2_Aug 13 2018_Human_1p_cut60.data,1
a13_c1_Jan 2 2019_Human_5p_cut20.data,5
aus_c3_Aug 13 2018_Human_1p_cut14.data,1
a13_c1_Jan 2 2019_Human_4p_cut38.data,4
a13_c1_Jan 2 2019_Human_4p_cut48.data,4
a13_c1_Jan 2 2019_Human_3p_cut190.data,3
a13_c1_Jan 2 2019_Human_3p_cut129.data,3
aus_c2_Aug 13 2018_Human_1p_cut43.data,1
a13_c1_Dec 9 2018_Human_1p_cut76.data,1
a13_c1_Jan 2 2019_Human_4p_cut31.data,4
a17_c1_Sept 26 2018_Human_2p_cut12.data,2
a13_c1_Jan 6 2019_Human_4p_cut100.data,4
aus_c2_Aug 13 2018_Human_1p_cut92.data,1
aus_c2_Aug 13 2018_Human_1p_cut53.data,1
a13_c1_Jan 6 2019_Human_2p_cut111.data,2
a13_c1_Dec 21 2018_Human_3p_cut11.data,3
aus_c2_Aug 13 2018_Human_1p_cut2.data,1
a13_c1_Jan 2 2019_Human_1p_cut136.data,1
a13_c1_Jan 2 2019_Human_3p_cut157.data,3
a13_c1_Dec 9 2018_Human_2p_cut381.data,2
a13_c1_Jan 2 2019_Human_4p_cut50.data,4
a13_c1_Jan 2 2019_Human_4p_cut66.data,4
aus_c2_Aug 13 2018_Human_1p_cut85.data,1
a13_c1_Jan 2 2019_Human_3p_cut149.data,3
a13_c1_Jan 2 2019_Human_3p_cut165.data,3
a17_c1_Sept 26 2018_Human_1p_cut32.data,1
aus_c2_Aug 13 2018_Human_1p_cut98.data,1
a13_c2_Dec 21 2018_Human_3p_cut49.data,3
a13_c2_Dec 21 2018_Human_3p_cut22.data,3
a13_c1_Jan 6 2019_Human_2p_cut44.data,2
a13_c2_Dec 21 2018_Human_3p_cut30.data,3
a13_c1_Jan 2 2019_Human_4p_cut72.data,4
a13_c1_Jan 6 2019_Human_2p_cut65.data,2
a13_c1_Jan 6 2019_Human_2p_cut40.data,2
a13_c1_Jan 2 2019_Human_4p_cut79.data,4
a13_c2_Dec 21 2018_Human_3p_cut31.data,3
a13_c2_Dec 21 2018_Human_3p_cut21.data,3
aus_c2_Aug 13 2018_Human_1p_cut58.data,1
a13_c1_Dec 9 2018_Human_1p_cut86.data,1
a13_c1_Dec 21 2018_Human_3p_cut10.data,3
a13_c1_Jan 2 2019_Human_2p_cut92.data,2
a13_c1_Dec 21 2018_Human_3p_cut17.data,3
a17_c1_Sept 26 2018_Human_3p_cut17.data,3
a13_c1_Jan 6 2019_Human_2p_cut51.data,2
a13_c1_Jan 2 2019_Human_4p_cut40.data,4
aus_c2_Aug 13 2018_Human_1p_cut84.data,1
a13_c2_Dec 21 2018_Human_3p_cut52.data,3
a13_c1_Jan 2 2019_Human_3p_cut133.data,3
a13_c1_Dec 21 2018_Human_1p_cut9.data,1
a13_c1_Jan 2 2019_Human_4p_cut41.data,4
a13_c1_Jan 2 2019_Human_3p_cut171.data,3
aus_c2_Aug 13 2018_Human_1p_cut88.data,1
a13_c1_Jan 6 2019_Human_2p_cut38.data,2
a13_c1_Jan 2 2019_Human_1p_cut122.data,1
aus_c2_Aug 13 2018_Human_1p_cut51.data,1
a13_c1_Jan 2 2019_Human_4p_cut83.data,4
a13_c1_Jan 2 2019_Human_4p_cut118.data,4
a13_c1_Jan 2 2019_Human_3p_cut111.data,3
a13_c1_Jan 2 2019_Human_5p_cut161.data,5
a13_c1_Jan 2 2019_Human_4p_cut96.data,4
a13_c1_Jan 2 2019_Human_3p_cut126.data,3
a13_c1_Jan 2 2019_Human_3p_cut154.data,3
a13_c1_Jan 6 2019_Human_2p_cut35.data,2
a13_c2_Dec 21 2018_Human_3p_cut17.data,3
a13_c1_Jan 6 2019_Human_2p_cut28.data,2
aus_c2_Aug 13 2018_Human_1p_cut52.data,1
a13_c1_Jan 2 2019_Human_4p_cut81.data,4
a17_c1_Sept 26 2018_Human_1p_cut33.data,1
a13_c1_Jan 6 2019_Human_2p_cut70.data,2
a13_c1_Jan 2 2019_Human_4p_cut90.data,4
a13_c1_Jan 6 2019_Human_2p_cut19.data,2
a13_c1_Jan 2 2019_Human_3p_cut131.data,3
aus_c2_Aug 13 2018_Human_1p_cut59.data,1
a13_c1_Jan 6 2019_Human_2p_cut124.data,2
a13_c1_Dec 21 2018_Human_3p_cut14.data,3
aus_c3_Aug 13 2018_Human_2p_cut11.data,2
a13_c1_Jan 6 2019_Human_1p_cut15.data,1
aus_c2_Aug 13 2018_Human_1p_cut47.data,1
a13_c1_Jan 6 2019_Human_2p_cut101.data,2
a13_c1_Jan 2 2019_Human_3p_cut169.data,3
a13_c1_Dec 9 2018_Human_1p_cut85.data,1
a13_c1_Jan 2 2019_Human_3p_cut152.data,3
a13_c1_Jan 2 2019_Human_1p_cut69.data,1
a17_c1_Sept 26 2018_Human_2p_cut14.data,2
a13_c1_Jan 2 2019_Human_3p_cut130.data,3
a13_c1_Jan 2 2019_Human_2p_cut150.data,2
a17_c1_Sept 26 2018_Human_1p_cut51.data,1
a17_c1_Sept 26 2018_Human_3p_cut3.data,3
a13_c1_Jan 6 2019_Human_2p_cut135.data,2
a13_c1_Jan 6 2019_Human_2p_cut52.data,2
a13_c1_Jan 2 2019_Human_3p_cut146.data,3
a17_c1_Sept 26 2018_Human_1p_cut5.data,1
a13_c1_Jan 6 2019_Human_2p_cut103.data,2
a13_c2_Dec 21 2018_Human_3p_cut43.data,3
a13_c1_Jan 6 2019_Human_2p_cut25.data,2
a17_c1_Sept 26 2018_Human_1p_cut55.data,1
a13_c1_Jan 2 2019_Human_4p_cut116.data,4
a13_c1_Jan 6 2019_Human_2p_cut81.data,2
a13_c1_Jan 2 2019_Human_3p_cut193.data,3
a13_c2_Dec 21 2018_Human_3p_cut19.data,3
aus_c2_Aug 13 2018_Human_1p_cut62.data,1
a13_c1_Jan 2 2019_Human_4p_cut91.data,4
a13_c1_Jan 2 2019_Human_4p_cut88.data,4
a13_c1_Jan 6 2019_Human_2p_cut36.data,2
a13_c1_Jan 2 2019_Human_4p_cut39.data,4
a13_c1_Jan 2 2019_Human_4p_cut102.data,4
a13_c2_Dec 21 2018_Human_3p_cut44.data,3
a13_c1_Jan 2 2019_Human_4p_cut65.data,4
aus_c2_Aug 13 2018_Human_1p_cut91.data,1
a13_c1_Jan 2 2019_Human_3p_cut186.data,3
a13_c1_Jan 6 2019_Human_1p_cut17.data,1
aus_c2_Aug 13 2018_Human_1p_cut76.data,1
a13_c1_Jan 2 2019_Human_4p_cut15.data,4
a13_c1_Jan 2 2019_Human_4p_cut107.data,4
a13_c1_Jan 6 2019_Human_2p_cut76.data,2
a13_c1_Jan 2 2019_Human_3p_cut168.data,3
aus_c2_Aug 13 2018_Human_1p_cut71.data,1
a13_c1_Jan 6 2019_Human_2p_cut64.data,2
a13_c1_Jan 2 2019_Human_4p_cut75.data,4
a13_c1_Jan 2 2019_Human_4p_cut97.data,4
a13_c2_Dec 21 2018_Human_4p_cut53.data,4
aus_c1_Aug 13 2018_Human_1p_cut5.data,1
a13_c1_Jan 2 2019_Human_2p_cut167.data,2
aus_c2_Aug 13 2018_Human_1p_cut89.data,1
a13_c2_Dec 21 2018_Human_3p_cut25.data,3
a13_c1_Jan 6 2019_Human_2p_cut11.data,2
a13_c1_Jan 2 2019_Human_4p_cut110.data,4
a13_c1_Jan 6 2019_Human_2p_cut23.data,2
a13_c1_Jan 2 2019_Human_3p_cut188.data,3
a13_c1_Jan 2 2019_Human_3p_cut187.data,3
a13_c1_Jan 2 2019_Human_3p_cut192.data,3
a13_c1_Jan 2 2019_Human_1p_cut121.data,1
a13_c2_Dec 21 2018_Human_3p_cut27.data,3
aus_c2_Aug 13 2018_Human_1p_cut100.data,1
a13_c1_Jan 6 2019_Human_2p_cut56.data,2
a13_c1_Jan 6 2019_Human_1p_cut129.data,1
a13_c1_Dec 21 2018_Human_3p_cut13.data,3
a13_c1_Jan 6 2019_Human_2p_cut97.data,2
a13_c1_Jan 6 2019_Human_2p_cut49.data,2
a13_c1_Dec 21 2018_Human_3p_cut19.data,3
aus_c2_Aug 13 2018_Human_1p_cut97.data,1
a13_c1_Jan 6 2019_Human_2p_cut34.data,2
a13_c1_Dec 9 2018_Human_1p_cut150.data,1
aus_c2_Aug 13 2018_Human_1p_cut96.data,1
a13_c1_Jan 6 2019_Human_4p_cut110.data,4
a13_c1_Jan 2 2019_Human_3p_cut184.data,3
a13_c1_Jan 6 2019_Human_2p_cut109.data,2
a13_c1_Jan 2 2019_Human_4p_cut61.data,4
a13_c1_Jan 6 2019_Human_2p_cut27.data,2
a13_c1_Jan 6 2019_Human_1p_cut10.data,1
aus_c2_Aug 13 2018_Human_1p_cut33.data,1
a13_c1_Jan 2 2019_Human_4p_cut13.data,4
a13_c1_Jan 6 2019_Human_2p_cut91.data,2
a13_c1_Jan 2 2019_Human_4p_cut27.data,4
a13_c1_Jan 6 2019_Human_2p_cut84.data,2
aus_c2_Aug 13 2018_Human_1p_cut81.data,1
aus_c2_Aug 13 2018_Human_1p_cut61.data,1
a13_c1_Dec 9 2018_Human_1p_cut66.data,1
a13_c1_Jan 2 2019_Human_1p_cut123.data,1
a13_c1_Jan 2 2019_Human_4p_cut98.data,4
a17_c1_Sept 26 2018_Human_1p_cut73.data,1
a13_c1_Jan 6 2019_Human_2p_cut120.data,2
a13_c1_Jan 6 2019_Human_2p_cut131.data,2
a13_c1_Jan 6 2019_Human_2p_cut113.data,2
a13_c1_Jan 6 2019_Human_2p_cut128.data,2
a13_c1_Jan 2 2019_Human_3p_cut195.data,3
a13_c1_Jan 6 2019_Human_2p_cut62.data,2
a13_c1_Jan 6 2019_Human_1p_cut39.data,1
a13_c2_Dec 21 2018_Human_3p_cut14.data,3
a13_c2_Dec 21 2018_Human_3p_cut60.data,3
a13_c1_Jan 2 2019_Human_3p_cut139.data,3
a13_c1_Jan 2 2019_Human_4p_cut30.data,4
a13_c1_Jan 6 2019_Human_2p_cut86.data,2
a13_c1_Jan 2 2019_Human_4p_cut22.data,4
a17_c1_Sept 26 2018_Human_1p_cut38.data,1
a17_c1_Sept 26 2018_Human_2p_cut22.data,2
a13_c1_Jan 2 2019_Human_1p_cut68.data,1
a13_c1_Jan 2 2019_Human_2p_cut100.data,2
a13_c1_Jan 2 2019_Human_4p_cut58.data,4
a13_c1_Dec 9 2018_Human_1p_cut110.data,1
a13_c1_Jan 6 2019_Human_2p_cut74.data,2
a13_c2_Dec 21 2018_Human_3p_cut58.data,3
a13_c1_Jan 2 2019_Human_6p_cut42.data,6
a13_c1_Jan 2 2019_Human_3p_cut160.data,3
a13_c1_Jan 2 2019_Human_3p_cut125.data,3
aus_c2_Aug 13 2018_Human_1p_cut74.data,1
a13_c1_Jan 6 2019_Human_2p_cut68.data,2
a13_c1_Jan 2 2019_Human_4p_cut37.data,4
a13_c1_Jan 2 2019_Human_4p_cut52.data,4
a13_c1_Jan 2 2019_Human_4p_cut117.data,4
a13_c2_Dec 21 2018_Human_3p_cut42.data,3
a13_c1_Jan 6 2019_Human_2p_cut55.data,2
a13_c1_Jan 2 2019_Human_4p_cut106.data,4
a13_c2_Dec 21 2018_Human_3p_cut41.data,3
a13_c1_Jan 2 2019_Human_3p_cut134.data,3
a13_c1_Jan 2 2019_Human_4p_cut82.data,4
aus_c2_Aug 13 2018_Human_1p_cut80.data,1
a13_c1_Jan 2 2019_Human_4p_cut99.data,4
a13_c1_Jan 2 2019_Human_4p_cut34.data,4
a13_c1_Jan 2 2019_Human_4p_cut109.data,4
a13_c1_Jan 6 2019_Human_2p_cut102.data,2
a13_c1_Jan 6 2019_Human_2p_cut30.data,2
a13_c1_Jan 2 2019_Human_1p_cut137.data,1
a13_c1_Jan 2 2019_Human_4p_cut103.data,4
aus_c2_Aug 13 2018_Human_1p_cut50.data,1
a13_c1_Jan 2 2019_Human_4p_cut54.data,4
a13_c2_Dec 21 2018_Human_3p_cut38.data,3
a13_c1_Dec 21 2018_Human_3p_cut12.data,3
a13_c1_Jan 6 2019_Human_2p_cut90.data,2
aus_c1_Aug 13 2018_Human_1p_cut34.data,1
aus_c2_Aug 13 2018_Human_1p_cut94.data,1
a13_c1_Jan 2 2019_Human_3p_cut178.data,3
a13_c1_Jan 6 2019_Human_2p_cut16.data,2
aus_c2_Aug 13 2018_Human_1p_cut69.data,1
a13_c1_Jan 2 2019_Human_4p_cut181.data,4
a13_c1_Jan 2 2019_Human_4p_cut87.data,4
a13_c2_Dec 21 2018_Human_3p_cut40.data,3
a13_c1_Dec 9 2018_Human_1p_cut24.data,1
a13_c1_Jan 2 2019_Human_3p_cut177.data,3
a13_c2_Dec 21 2018_Human_3p_cut20.data,3
a13_c1_Jan 2 2019_Human_4p_cut71.data,4
a13_c1_Jan 6 2019_Human_2p_cut33.data,2
a13_c1_Jan 2 2019_Human_2p_cut189.data,2
a13_c1_Jan 2 2019_Human_1p_cut174.data,1
a13_c2_Dec 21 2018_Human_3p_cut57.data,3
a13_c1_Jan 2 2019_Human_1p_cut194.data,1
a13_c1_Jan 2 2019_Human_4p_cut113.data,4
a13_c2_Dec 21 2018_Human_3p_cut61.data,3
aus_c3_Aug 13 2018_Human_1p_cut6.data,1
a17_c1_Sept 26 2018_Human_1p_cut59.data,1
aus_c2_Aug 13 2018_Human_1p_cut67.data,1
a13_c1_Jan 2 2019_Human_4p_cut36.data,4
aus_c2_Aug 13 2018_Human_1p_cut93.data,1
a13_c1_Jan 2 2019_Human_4p_cut63.data,4
a13_c1_Jan 2 2019_Human_4p_cut70.data,4
a13_c2_Dec 21 2018_Human_3p_cut28.data,3
a13_c1_Jan 6 2019_Human_2p_cut58.data,2
a13_c1_Dec 21 2018_Human_3p_cut18.data,3
a13_c1_Jan 6 2019_Human_3p_cut127.data,3
a13_c1_Jan 6 2019_Human_1p_cut118.data,1
a13_c2_Dec 21 2018_Human_3p_cut54.data,3
a13_c1_Jan 2 2019_Human_4p_cut163.data,4
a13_c2_Dec 21 2018_Human_3p_cut6.data,3
a13_c1_Dec 9 2018_Human_1p_cut77.data,1
a13_c2_Dec 21 2018_Human_3p_cut5.data,3
a13_c1_Jan 6 2019_Human_2p_cut66.data,2
aus_c2_Aug 13 2018_Human_1p_cut77.data,1
a13_c1_Jan 2 2019_Human_3p_cut148.data,3
a17_c1_Sept 26 2018_Human_1p_cut39.data,1
a13_c1_Jan 2 2019_Human_1p_cut105.data,1
a13_c1_Jan 6 2019_Human_2p_cut71.data,2
a13_c1_Jan 6 2019_Human_2p_cut122.data,2
a13_c2_Dec 21 2018_Human_3p_cut56.data,3
a13_c1_Jan 2 2019_Human_3p_cut166.data,3
a13_c2_Dec 21 2018_Human_3p_cut34.data,3
a13_c1_Jan 2 2019_Human_4p_cut77.data,4
a13_c1_Jan 2 2019_Human_3p_cut155.data,3
a13_c1_Jan 6 2019_Human_2p_cut123.data,2
a13_c2_Dec 21 2018_Human_1p_cut26.data,1
aus_c2_Aug 13 2018_Human_1p_cut68.data,1
a13_c2_Dec 21 2018_Human_3p_cut50.data,3
a17_c1_Sept 26 2018_Human_2p_cut15.data,2
a13_c1_Jan 2 2019_Human_3p_cut175.data,3
a13_c2_Dec 21 2018_Human_3p_cut13.data,3
a13_c1_Jan 6 2019_Human_2p_cut80.data,2
a17_c1_Sept 26 2018_Human_2p_cut9.data,2
a13_c1_Jan 6 2019_Human_2p_cut119.data,2
a17_c1_Sept 26 2018_Human_1p_cut58.data,1
a13_c1_Jan 6 2019_Human_2p_cut132.data,2
a13_c2_Dec 21 2018_Human_3p_cut9.data,3
a17_c1_Sept 26 2018_Human_1p_cut56.data,1
aus_c2_Aug 13 2018_Human_1p_cut63.data,1
aus_c2_Aug 13 2018_Human_1p_cut83.data,1
